"hazard","time"
237.298286070016,0.0027378507871321
353.006345714589,0.0054757015742642
461.848433713806,0.0082135523613963
527.345549025719,0.0109514031485284
585.700908100686,0.0136892539356605
677.140100685593,0.0164271047227926
783.546512026307,0.0191649555099247
846.0656483217,0.0219028062970568
886.573981589275,0.0246406570841889
927.129048528696,0.027378507871321
964.035187754976,0.0301163586584531
1019.42132394514,0.0328542094455852
1078.59355489399,0.0355920602327173
1145.30100002461,0.0383299110198494
1204.71949373266,0.0410677618069815
1241.93028751467,0.0438056125941136
1271.74931954882,0.0465434633812457
1301.59375205572,0.0492813141683778
1312.7922358724,0.0520191649555099
1365.10182329411,0.054757015742642
1410.0145708131,0.0574948665297741
1440.00805185159,0.0602327173169062
1473.79208599047,0.0629705681040383
1503.84161080246,0.0657084188911704
1545.21405218701,0.0684462696783025
1586.62462772753,0.0711841204654346
1635.61515950866,0.0739219712525667
1684.67360988835,0.0766598220396988
1730.02542262856,0.0793976728268309
1775.46553750578,0.082135523613963
1805.80252983106,0.0848733744010951
1817.18431300606,0.0876112251882272
1858.96283762632,0.0903490759753593
1893.19277326291,0.0930869267624914
1965.59647783542,0.0958247775496235
2011.43625760714,0.0985626283367557
2038.19811375071,0.101300479123888
2072.63477670162,0.10403832991102
2118.64653009996,0.106776180698152
2164.79292290377,0.109514031485284
2184.06503209578,0.112251882272416
2226.51532627071,0.114989733059548
2280.64934361173,0.11772758384668
2296.14351473692,0.120465434633812
2350.43243921494,0.123203285420945
2381.48792409148,0.125941136208077
2400.91104219947,0.128678986995209
2455.37931907159,0.131416837782341
2506.07508493259,0.134154688569473
2556.84735402329,0.136892539356605
2588.12935344413,0.139630390143737
2639.04174796456,0.142368240930869
2682.17865579237,0.145106091718001
2725.36629197002,0.147843942505133
2764.67593879546,0.150581793292266
2827.6741068223,0.153319644079398
2871.03600070375,0.15605749486653
2918.39464110745,0.158795345653662
2938.14428579509,0.161533196440794
2977.66714909099,0.164271047227926
3017.23246513572,0.167008898015058
3056.85215064699,0.16974674880219
3100.49268647212,0.172484599589322
3152.13207258634,0.175222450376454
3187.94611708543,0.177960301163587
3211.84925419901,0.180698151950719
3223.82684017114,0.183436002737851
3263.76487542054,0.186173853524983
3311.71883324152,0.188911704312115
3351.71456485034,0.191649555099247
3375.72424379404,0.194387405886379
3411.76186656639,0.197125256673511
3455.85779221399,0.199863107460643
3487.96609529925,0.202600958247775
3524.14044518354,0.205338809034908
3548.28311760876,0.20807665982204
3600.66617219561,0.210814510609172
3641.01301003455,0.213552361396304
3689.48197275658,0.216290212183436
3705.65313585543,0.219028062970568
3733.9716305718,0.2217659137577
3778.50727285232,0.224503764544832
3843.36438193227,0.227241615331964
3888.0115246399,0.229979466119097
3920.51149576863,0.232717316906229
3957.10616279297,0.235455167693361
4014.07517636647,0.238193018480493
4054.80641527357,0.240930869267625
4083.34430020652,0.243668720054757
4124.13262920409,0.246406570841889
4160.88326478579,0.249144421629021
4189.4974097636,0.251882272416153
4218.13845373709,0.254620123203285
4246.80654138153,0.257357973990418
4283.68270365759,0.26009582477755
4337.00941373805,0.262833675564682
4378.08824784691,0.265571526351814
4415.07616244346,0.268309377138946
4460.34165737682,0.271047227926078
4480.93370571709,0.27378507871321
4518.01948265728,0.276522929500342
4542.75459533766,0.279260780287474
4571.63103963372,0.281998631074606
4612.93965925659,0.284736481861739
4650.16579561851,0.287474332648871
4712.29612872173,0.290212183436003
4733.04048296591,0.292950034223135
4762.10415208864,0.295687885010267
4778.72346149957,0.298425735797399
4795.35464062729,0.301163586584531
4832.8151662021,0.303901437371663
4903.67244748595,0.306639288158795
4949.59567617667,0.309377138945927
4995.57456910858,0.31211498973306
5041.60339427133,0.314852840520192
5066.72521672319,0.317590691307324
5104.43676133583,0.320328542094456
5137.97367444248,0.323066392881588
5175.731637183,0.32580424366872
5196.73245697301,0.328542094455852
5243.00114484434,0.331279945242984
5255.63091370841,0.334017796030116
5289.34486038817,0.336755646817248
5344.20565825484,0.339493497604381
5386.45769748039,0.342231348391513
5428.74222425983,0.344969199178645
5492.24376909429,0.347707049965777
5530.38205113553,0.350444900752909
5577.03102009815,0.353182751540041
5640.72972100135,0.355920602327173
5700.30730794098,0.358658453114305
5742.92166965701,0.361396303901437
5802.63979299151,0.364134154688569
5841.07753960884,0.366872005475702
5892.36974845713,0.369609856262834
5913.76609784518,0.372347707049966
5943.74812796219,0.375085557837098
5960.90259816997,0.37782340862423
5978.07678353699,0.380561259411362
6021.06063091531,0.383299110198494
6059.79465219977,0.386036960985626
6102.87500273586,0.388774811772758
6128.74198314164,0.39151266255989
6145.99639878136,0.394250513347023
6193.48912052429,0.396988364134155
6210.77539182911,0.399726214921287
6271.33755368183,0.402464065708419
6301.64472540803,0.405201916495551
6305.97629063194,0.407939767282683
6349.3113528873,0.410677618069815
6370.99795252541,0.413415468856947
6405.73355909661,0.416153319644079
6449.19438777219,0.418891170431211
6510.10028432736,0.421629021218344
6536.22725475344,0.424366872005476
6571.08264835427,0.427104722792608
6592.88064698309,0.42984257357974
6632.1368049962,0.432580424366872
6680.1461591843,0.435318275154004
6719.45427375586,0.438056125941136
6767.54369140742,0.440793976728268
6811.3384049625,0.4435318275154
6842.04321057976,0.446269678302533
6885.96135176984,0.449007529089665
6912.34936455579,0.451745379876797
6947.56482685085,0.454483230663929
7000.43783893495,0.457221081451061
7040.12857590775,0.459958932238193
7057.78893784112,0.462696783025325
7110.82151535494,0.465434633812457
7128.5204235141,0.468172484599589
7168.37753956106,0.470910335386721
7208.26685240135,0.473648186173854
7265.91911466506,0.476386036960986
7314.75470919776,0.479123887748118
7368.1090670381,0.48186173853525
7394.80419067214,0.484599589322382
7425.97026213025,0.487337440109514
7470.5258001653,0.490075290896646
7515.10585520348,0.492813141683778
7537.40467325575,0.49555099247091
7573.10012846047,0.498288843258042
7622.22494582441,0.501026694045175
7640.10115071144,0.503764544832307
7680.3393424866,0.506502395619439
7720.59666551476,0.509240246406571
7769.84119695914,0.511978097193703
7810.17676786987,0.514715947980835
7855.02590152721,0.517453798767967
7890.9306494711,0.520191649555099
7908.89154956347,0.522929500342231
7944.84715742276,0.525667351129363
7980.84715846255,0.528405201916496
8007.86639692263,0.531143052703628
8034.90636401952,0.53388090349076
8080.01033437788,0.536618754277892
8125.14285520073,0.539356605065024
8152.24133966548,0.542094455852156
8201.95732678279,0.544832306639288
8238.13203956364,0.54757015742642
8269.79469827952,0.550308008213552
8287.90237054841,0.553045859000684
8319.63053201088,0.555783709787817
8360.44682865044,0.558521560574949
8392.22817745128,0.561259411362081
8433.1504690626,0.563997262149213
8478.68523983267,0.566735112936345
8510.57799978883,0.569472963723477
8551.63375696008,0.572210814510609
8606.47212378214,0.574948665297741
8652.21995099836,0.577686516084873
8684.29408978118,0.580424366872005
8734.79902966458,0.583162217659138
8771.57222580318,0.58590006844627
8812.97797412912,0.588637919233402
8868.24417889414,0.591375770020534
8900.52367686589,0.594113620807666
8951.2926961143,0.596851471594798
9006.74004299674,0.59958932238193
9043.75333857439,0.602327173169062
9080.81314190545,0.605065023956194
9094.71874443306,0.607802874743327
9155.00291849347,0.610540725530459
9192.12747304629,0.613278576317591
9243.22356487856,0.616016427104723
9257.17655403726,0.618754277891855
9280.44624924491,0.621492128678987
9317.72335796672,0.624229979466119
9364.3668082846,0.626967830253251
9392.36606552287,0.629705681040383
9443.72912172003,0.632443531827515
9495.14776500615,0.635181382614648
9541.92588116616,0.63791923340178
9598.09340423971,0.640657084188912
9640.23843261647,0.643394934976044
9677.73332288453,0.646132785763176
9762.19378508467,0.648870636550308
9790.3725402052,0.65160848733744
9842.08138692901,0.654346338124572
9870.31912922916,0.657084188911704
9884.44892857375,0.659822039698836
9893.87127452693,0.662559890485969
9941.01536260657,0.665297741273101
9978.77093092625,0.668035592060233
10040.2163225843,0.670773442847365
10087.5549274233,0.673511293634497
10115.9856456459,0.676249144421629
10144.4320737159,0.678986995208761
10187.1281308674,0.681724845995893
10225.1058757908,0.684462696783025
10258.3491778327,0.687200547570157
10320.1345426621,0.68993839835729
10372.4585120726,0.692676249144422
10434.3751745455,0.695414099931554
10486.8418691729,0.698151950718686
10520.2466686604,0.700889801505818
10553.6724180246,0.70362765229295
10630.1411891815,0.706365503080082
10687.5700931358,0.709103353867214
10716.3089598467,0.711841204654346
10764.2425990623,0.714579055441478
10793.0272718641,0.71731690622861
10860.2417665425,0.720054757015743
10903.4836507995,0.722792607802875
10951.5898899073,0.725530458590007
11009.4539738782,0.728268309377139
11091.5486191167,0.731006160164271
11120.5563724066,0.733744010951403
11135.0681700129,0.736481861738535
11173.7923410681,0.739219712525667
11222.2268123009,0.7419575633128
11256.1516533604,0.744695414099932
11333.7930764284,0.747433264887064
11362.9435429784,0.750171115674196
11377.5249550303,0.752908966461328
11426.1523413762,0.75564681724846
11460.2073805021,0.758384668035592
11499.1722913597,0.761122518822724
11547.9101776418,0.763860369609856
11586.9252566011,0.766598220396988
11635.7304627081,0.76933607118412
11684.5686759139,0.772073921971253
11694.3404011538,0.774811772758385
11709.0042499257,0.777549623545517
11762.8085266459,0.780287474332649
11797.0659888245,0.783025325119781
11836.2506292197,0.785763175906913
11885.3176012939,0.788501026694045
11919.6863320029,0.791238877481177
11988.488387659,0.793976728268309
12052.4334452077,0.796714579055442
12077.0478324628,0.799452429842574
12091.8242313184,0.802190280629706
12155.914352426,0.804928131416838
12210.2115154305,0.80766598220397
12244.8008467968,0.810403832991102
12299.20234088,0.813141683778234
12328.8953770016,0.815879534565366
12383.3715154993,0.818617385352498
12423.021043045,0.82135523613963
12487.4858148072,0.824093086926763
12522.2200815864,0.826830937713895
12576.84357521,0.829568788501027
12601.6848910944,0.832306639288159
12646.421364177,0.835044490075291
12676.2567791272,0.837782340862423
12740.9439764804,0.840520191649555
12810.6641981352,0.843258042436687
12840.5655046879,0.845995893223819
12860.5120941408,0.848733744010951
12880.4684556681,0.851471594798084
12940.3864827981,0.854209445585216
12970.3763694518,0.856947296372348
13010.386462051,0.85968514715948
13095.4667174497,0.862422997946612
13150.5493251714,0.865160848733744
13180.6040612932,0.867898699520876
13220.697735495,0.870636550308008
13255.8090241701,0.87337440109514
13285.9315097791,0.876112251882272
13321.1136359653,0.878850102669405
13366.3842892116,0.881587953456537
13396.5942719313,0.884325804243669
13421.7769135981,0.887063655030801
13457.0454633574,0.889801505817933
13502.4112297042,0.892539356605065
13532.6716715635,0.895277207392197
13557.9020845491,0.898015058179329
13603.3486881425,0.900752908966461
13643.7707432953,0.903490759753593
13663.9888869759,0.906228610540726
13729.7327674524,0.908966461327858
13765.1693768031,0.91170431211499
13790.5018089377,0.914442162902122
13825.984977482,0.917180013689254
13881.7838010743,0.919917864476386
13937.6355407617,0.922655715263518
13998.62222901,0.92539356605065
14044.3915668513,0.928131416837782
14069.8316600567,0.930869267624914
14120.7535575791,0.933607118412047
14146.2332096809,0.936344969199179
14192.1237213365,0.939082819986311
14243.1396065579,0.941820670773443
14263.5598571363,0.944558521560575
14278.8901592243,0.947296372347707
14324.910825965,0.950034223134839
14365.8464170785,0.952772073921971
14411.9467940701,0.955509924709103
14452.9597100501,0.958247775496235
14499.1219398457,0.960985626283368
14571.0093826032,0.9637234770705
14601.8492485361,0.966461327857632
14642.9941987429,0.969199178644764
14689.3059687302,0.971937029431896
14735.6411682783,0.974674880219028
14812.9221905806,0.97741273100616
14874.8035764747,0.980150581793292
14910.9475536799,0.982888432580424
14947.1249655911,0.985626283367556
14993.6752300045,0.988364134154689
15055.8043373766,0.991101984941821
15107.6274073825,0.993839835728953
15149.127834286,0.996577686516085
15154.3173007808,0.999315537303217
15206.2325884881,1.00205338809035
15242.593205396,1.00479123887748
15284.1719676898,1.00752908966461
15299.7705642771,1.01026694045175
15372.6527244428,1.01300479123888
15393.5070963183,1.01574264202601
15445.6775595505,1.01848049281314
15503.1080039108,1.02121834360027
15550.1262054306,1.02395619438741
15597.1799600569,1.02669404517454
15665.2038450223,1.02943189596167
15717.5708486848,1.0321697467488
15769.9728414617,1.03490759753593
15796.1850488615,1.03764544832307
15838.1470371554,1.0403832991102
15874.8803581877,1.04312114989733
15906.3953041101,1.04585900068446
15932.6861472466,1.04859685147159
15985.2917711187,1.05133470225873
16058.9701337546,1.05407255304586
16106.3633317454,1.05681040383299
16159.0756007198,1.05954825462012
16190.7397996093,1.06228610540726
16227.7039548646,1.06502395619439
16259.4114186188,1.06776180698152
16301.7057058407,1.07049965776865
16359.9102523377,1.07323750855578
16428.7776593774,1.07597535934292
16460.5971037183,1.07871321013005
16513.6551267896,1.08145106091718
16566.734829137,1.08418891170431
16614.5250035827,1.08692676249144
16662.3420287848,1.08966461327858
16715.5106126388,1.09240246406571
16758.0791178996,1.09514031485284
16790.029746594,1.09787816563997
16822.0081481286,1.1006160164271
16859.3473930225,1.10335386721424
16896.7093883359,1.10609171800137
16918.0749985683,1.1088295687885
16998.2920570004,1.11156741957563
17051.8530280007,1.11430527036277
17100.1081498623,1.1170431211499
17121.5787650405,1.11978097193703
17137.6890884474,1.12251882272416
17175.3105036399,1.12525667351129
17245.2447528064,1.12799452429843
17309.8698837388,1.13073237508556
17336.8282461181,1.13347022587269
17401.6155127811,1.13620807665982
17428.6338987285,1.13894592744695
17461.069407155,1.14168377823409
17498.9211120773,1.14442162902122
17558.4317101216,1.14715947980835
17612.5820894589,1.14989733059548
17634.2553540041,1.15263518138261
17699.3150778853,1.15537303216975
17742.7233319588,1.15811088295688
17769.8714735977,1.16084873374401
17802.4560303292,1.16358658453114
17851.3476246157,1.16632443531828
17889.3852766165,1.16906228610541
17916.5667641228,1.17180013689254
17949.1959800262,1.17453798767967
18019.9566771983,1.1772758384668
18096.254022832,1.18001368925394
18139.900475058,1.18275154004107
18172.6530632634,1.1854893908282
18221.8274222109,1.18822724161533
18281.9863116527,1.19096509240246
18320.2910136634,1.1937029431896
18353.1455706241,1.19644079397673
18418.9144922134,1.19917864476386
18490.2355864248,1.20191649555099
18578.1191095367,1.20465434633812
18605.60967697,1.20739219712526
18649.6231670283,1.21013004791239
18699.1628540085,1.21286789869952
18743.2206208054,1.21560574948665
18814.8588963063,1.21834360027379
18836.9136760199,1.22108145106092
18908.6356008666,1.22381930184805
18974.9250824645,1.22655715263518
18997.0428644789,1.22929500342231
19019.1667291867,1.23203285420945
19063.4368149347,1.23477070499658
19091.1230384234,1.23750855578371
19157.5872048252,1.24024640657084
19207.4689217569,1.24298425735797
19285.169841255,1.24572210814511
19329.6180837166,1.24845995893224
19368.5315396609,1.25119780971937
19401.8986663318,1.2539356605065
19440.8469794682,1.25667351129363
19457.5460375383,1.25941136208077
19524.3632060149,1.2621492128679
19580.0936888276,1.26488706365503
19635.8553154286,1.26762491444216
19674.9104766037,1.2703627652293
19708.4167606584,1.27310061601643
19758.7168184915,1.27583846680356
19809.0381732438,1.27857631759069
19864.9718341582,1.28131416837782
19887.3539772388,1.28405201916496
19971.3367081836,1.28678986995209
19988.1414543259,1.28952772073922
20038.5865522161,1.29226557152635
20094.6603622883,1.29500342231348
20145.1607169968,1.29774127310062
20161.9991418737,1.30047912388775
20201.3083849038,1.30321697467488
20263.1269599649,1.30595482546201
20325.0037287968,1.30869267624914
20375.6862451127,1.31143052703628
20403.8560935072,1.31416837782341
20460.209554089,1.31690622861054
20499.6839231896,1.31964407939767
20533.5697086942,1.3223819301848
20607.0452647097,1.32511978097194
20669.2538244188,1.32785763175907
20708.8601179163,1.3305954825462
20754.1489718535,1.33333333333333
20776.801738599,1.33607118412047
20850.4633648622,1.3388090349076
20867.4759647474,1.34154688569473
20918.5497522585,1.34428473648186
20981.0268706877,1.34702258726899
21043.5635513539,1.34976043805613
21072.0058465082,1.35249828884326
21100.4529756093,1.35523613963039
21134.6032249,1.35797399041752
21185.8719367803,1.36071184120465
21231.4818092588,1.36344969199179
21299.9616779313,1.36618754277892
21351.3568466886,1.36892539356605
21385.6405594546,1.37166324435318
21425.6580243301,1.37440109514031
21511.4648151464,1.37713894592745
21557.2663858484,1.37987679671458
21585.9169411305,1.38261464750171
21614.5987232002,1.38535249828884
21637.5555673258,1.38809034907598
21654.7802213685,1.39082819986311
21717.9657364266,1.39356605065024
21758.1977258938,1.39630390143737
21821.4791620204,1.3990417522245
21861.7801921053,1.40177960301164
21879.0569791776,1.40451745379877
21913.6273168091,1.4072553045859
21965.5850450594,1.40999315537303
22017.594394914,1.41273100616016
22069.6487603589,1.4154688569473
22110.1544379251,1.41820670773443
22150.6794828891,1.42094455852156
22197.0217080352,1.42368240930869
22237.5869270811,1.42642026009582
22278.1727458803,1.42915811088296
22330.3945022162,1.43189596167009
22376.8482975512,1.43463381245722
22458.1907966363,1.43737166324435
22487.2528761612,1.44010951403149
22545.4197048296,1.44284736481862
22580.3461943041,1.44558521560575
22597.8194513906,1.44832306639288
22638.6177904417,1.45106091718001
22702.7635985282,1.45379876796715
22761.1439928507,1.45653661875428
22796.2155643265,1.45927446954141
22825.4570630898,1.46201232032854
22895.6864894332,1.46475017111567
22936.6738905851,1.46748802190281
22983.5537000095,1.47022587268994
23024.5992477252,1.47296372347707
23095.0085300171,1.4757015742642
23153.74054489,1.47843942505133
23206.6364797003,1.48117727583847
23271.348198745,1.4839151266256
23330.2315380929,1.48665297741273
23412.7320684735,1.48939082819986
23448.1065264978,1.492128678987
23495.2947984569,1.49486652977413
23548.4525398558,1.49760438056126
23589.8589576046,1.50034223134839
23631.2797944332,1.50308008213552
23672.7172473352,1.50581793292266
23743.8080481817,1.50855578370979
23785.3079824203,1.51129363449692
23856.5069424318,1.51403148528405
23909.9767797172,1.51676933607118
23939.705971044,1.51950718685832
23993.2310856695,1.52224503764545
24034.8760690996,1.52498288843258
24088.4442305995,1.52772073921971
24136.0928945175,1.53045859000684
24159.9275965395,1.53319644079398
24195.7080047393,1.53593429158111
24237.5003894641,1.53867214236824
24279.3219736871,1.54140999315537
24309.2160678544,1.5441478439425
24345.118599839,1.54688569472964
24393.0092103646,1.54962354551677
24452.9115409172,1.5523613963039
24518.8530217416,1.55509924709103
24596.8361319435,1.55783709787817
24656.8554946746,1.5605749486653
24704.8939079311,1.56331279945243
24704.8939079311,1.56605065023956
24728.9365138766,1.56878850102669
24771.0383696747,1.57152635181383
24819.1792529338,1.57426420260096
24873.3791931115,1.57700205338809
24933.6540422249,1.57973990417522
24987.9321933369,1.58247775496235
25036.2174671113,1.58521560574949
25072.4592254331,1.58795345653662
25120.8083898872,1.59069130732375
25175.2377562941,1.59342915811088
25217.6014144479,1.59616700889802
25266.0388267741,1.59890485968515
25320.5630287491,1.60164271047228
25369.0610961991,1.60438056125941
25411.5156654351,1.60711841204654
25466.1279266938,1.60985626283368
25520.7720457228,1.61259411362081
25575.4393914372,1.61533196440794
25599.7433087415,1.61806981519507
25617.9761529292,1.6208076659822
25666.6167419204,1.62354551676934
25733.5381643812,1.62628336755647
25788.3282576684,1.6290212183436
25812.6924574485,1.63175906913073
25843.1878837878,1.63449691991786
25867.6093716584,1.637234770705
25879.825300922,1.63997262149213
25910.373170617,1.64271047227926
25959.2807653394,1.64544832306639
26038.8266151505,1.64818617385353
26069.4393015579,1.65092402464066
26106.1956499024,1.65366187542779
26149.103181601,1.65639972621492
26192.0292804141,1.65913757700205
26228.8429024422,1.66187542778919
26265.6760149526,1.66461327857632
26308.6812011732,1.66735112936345
26333.270733014,1.67008898015058
26364.0201646579,1.67282683093771
26400.9438830621,1.67556468172485
26444.061962266,1.67830253251198
26474.8698041967,1.68104038329911
26548.8478265701,1.68377823408624
26592.0311604984,1.68651608487337
26616.7169518011,1.68925393566051
26672.2903651116,1.69199178644764
26697.0045776653,1.69472963723477
26734.1188045365,1.6974674880219
26765.0559657173,1.70020533880904
26783.6261659252,1.70294318959617
26870.3255959358,1.7056810403833
26882.7176274454,1.70841889117043
26926.1272049682,1.71115674195756
26969.5552722526,1.7138945927447
27000.5910879031,1.71663244353183
27050.2835191773,1.71937029431896
27106.2396447446,1.72210814510609
27162.2704504985,1.72484599589322
27237.0767011145,1.72758384668036
27305.748931696,1.73032169746749
27343.233923253,1.73305954825462
27368.2463614245,1.73579739904175
27418.2875962687,1.73853524982888
27499.6355082742,1.74127310061602
27593.5842861606,1.74401095140315
27656.3006910637,1.74674880219028
27681.4119672088,1.74948665297741
27706.5414161092,1.75222450376454
27756.8211365405,1.75496235455168
27788.2571527759,1.75770020533881
27819.7063618225,1.76043805612594
27895.2092047062,1.76317590691307
27970.7489684491,1.76591375770021
27995.9424679553,1.76865160848734
28027.449989559,1.77138945927447
28090.5053003934,1.7741273100616
28115.7458193004,1.77686516084873
28159.9484448494,1.77960301163587
28216.8262494755,1.782340862423
28280.0592062037,1.78507871321013
28324.3533187405,1.78781656399726
28356.0053527715,1.79055441478439
28413.0171700258,1.79329226557153
28451.04175355,1.79603011635866
28539.8046830018,1.79876796714579
28590.5540583138,1.80150581793292
28673.0849009032,1.80424366872005
28698.4959585325,1.80698151950719
28762.0588981991,1.80971937029432
28781.1373574624,1.81245722108145
28819.326018129,1.81519507186858
28876.6426292851,1.81793292265572
28914.881952485,1.82067077344285
28972.274183751,1.82340862422998
29023.320700571,1.82614647501711
29048.8595508782,1.82888432580424
29099.9659399247,1.83162217659138
29163.8978928532,1.83436002737851
29247.0622804003,1.83709787816564
29304.678778177,1.83983572895277
29336.7102984654,1.8425735797399
29400.8041487822,1.84531143052704
29407.2173342794,1.84804928131417
29452.1256058723,1.8507871321013
29484.2175751677,1.85352498288843
29522.7419297637,1.85626283367556
29580.578538929,1.8590006844627
29632.049002332,1.86173853524983
29664.2279579997,1.86447638603696
29709.3026741645,1.86721423682409
29741.5165379262,1.86995208761123
29767.2983230783,1.87268993839836
29799.5362412104,1.87542778918549
29844.6923385218,1.87816563997262
29876.9660874409,1.88090349075975
29928.6179051565,1.88364134154689
29960.9112198692,1.88637919233402
30006.1436804731,1.88911704312115
30070.7939458263,1.89185489390828
30103.1387035228,1.89459274469541
30135.4928014703,1.89733059548255
30161.3848337141,1.90006844626968
30213.196305808,1.90280629705681
30226.1549158857,1.90554414784394
30252.0829748782,1.90828199863107
30284.5048636747,1.91101984941821
30310.4520352415,1.91375770020534
30388.3405211848,1.91649555099247
30440.3004461084,1.9192334017796
30466.2897815833,1.92197125256674
30531.2812991001,1.92470910335387
30557.2850401311,1.927446954141
30576.7929973401,1.93018480492813
30628.8344953952,1.93292265571526
30667.8838926867,1.9356605065024
30739.5219053519,1.93839835728953
30785.1414188968,1.94113620807666
30824.2576087108,1.94387405886379
30869.9049128382,1.94661190965092
30922.1042227728,1.94934976043806
31006.9965071065,1.95208761122519
31065.8016271919,1.95482546201232
31137.7079440673,1.95756331279945
31183.4855099308,1.96030116358658
31261.9867370996,1.96303901437372
31314.3506513215,1.96577686516085
31340.5451016419,1.96851471594798
31399.5133318439,1.97125256673511
31471.6443821532,1.97399041752225
31504.4621116148,1.97672826830938
31557.0038297573,1.97946611909651
31576.7154014478,1.98220396988364
31616.158309022,1.98494182067077
31662.1966966505,1.98767967145791
31721.4129585075,1.99041752224504
31806.9955245453,1.99315537303217
31826.7588665843,1.9958932238193
31892.6720799296,1.99863107460643
31932.2331124198,2.00136892539357
31952.0231372145,2.0041067761807
31971.8176906292,2.00684462696783
32044.4186010396,2.00958247775496
32097.2548858687,2.01232032854209
32123.697494996,2.01505817932923
32169.9947556091,2.01779603011636
32236.1561897772,2.02053388090349
32269.2495412756,2.02327173169062
32328.8404319839,2.02600958247776
32375.2327424445,2.02874743326489
32468.125608729,2.03148528405202
32541.1593121851,2.03422313483915
32614.2447682197,2.03696098562628
32627.5403252205,2.03969883641342
32660.7858013916,2.04243668720055
32707.3453336485,2.04517453798768
32753.9233109797,2.04791238877481
32860.447151799,2.05065023956194
32920.3945651827,2.05338809034908
32987.0720337901,2.05612594113621
33047.1145702933,2.05886379192334
33080.4847523062,2.06160164271047
33140.573269191,2.0643394934976
33227.4027659688,2.06707734428474
33294.2410972708,2.06981519507187
33341.0502164542,2.072553045859
33401.2721271917,2.07529089664613
33474.9880190922,2.07802874743326
33508.5435721806,2.0807665982204
33568.954956941,2.08350444900753
33622.671994428,2.08624229979466
33649.5411034724,2.08898015058179
33696.5786634492,2.09171800136893
33750.371419884,2.09445585215606
33804.2030007497,2.09719370294319
33837.8592185774,2.09993155373032
33851.3258394206,2.10266940451745
33932.1852887416,2.10540725530459
33992.8939274779,2.10814510609172
34053.6402578452,2.11088295687885
34094.15823254,2.11362080766598
34148.2097647058,2.11635865845311
34175.2518346894,2.11909650924025
34209.078994636,2.12183436002738
34269.9892945922,2.12457221081451
34371.601862309,2.12731006160164
34459.7735513825,2.13004791238877
34480.1310224961,2.13278576317591
34534.444124715,2.13552361396304
34548.0309319222,2.13826146475017
34609.1925922121,2.1409993155373
34677.1703977514,2.14373716632444
34724.7792498814,2.14647501711157
34772.4367395746,2.1492128678987
34833.7976304387,2.15195071868583
34888.3662596004,2.15468856947296
34956.6135667097,2.1574264202601
34983.92937636,2.16016427104723
35031.7558950331,2.16290212183436
35127.494369356,2.16563997262149
35189.0872203667,2.16837782340862
35230.1747367556,2.17111567419576
35312.4270745974,2.17385352498289
35394.7694870926,2.17659137577002
35435.963579237,2.17932922655715
35470.3102963314,2.18206707734428
35559.6601821648,2.18480492813142
35621.5868381038,2.18754277891855
35649.1287822552,2.19028062970568
35683.5700970821,2.19301848049281
35711.132001588,2.19575633127995
35766.2768131158,2.19849418206708
35842.126556621,2.20123203285421
35918.0286329298,2.20396988364134
35938.7374907138,2.20670773442847
36000.9009068943,2.20944558521561
36035.4512848993,2.21218343600274
36111.4916595056,2.21492128678987
36152.9889396701,2.217659137577
36215.2605952013,2.22039698836413
36312.2226770301,2.22313483915127
36381.551760884,2.2258726899384
36402.3574958595,2.22861054072553
36464.7970338028,2.23134839151266
36499.4965283064,2.23408624229979
36548.1059192878,2.23682409308693
36610.640211854,2.23956194387406
36673.2114633237,2.24229979466119
36721.9080819202,2.24503764544832
36749.7473150877,2.24777549623546
36777.5971605131,2.25051334702259
36812.4266946046,2.25325119780972
36882.1124557996,2.25598904859685
36944.8576591095,2.25872689938398
37014.612399906,2.26146475017112
37077.4230842515,2.26420260095825
37119.3149141267,2.26694045174538
37140.2690061073,2.26967830253251
37161.2287596883,2.27241615331964
37210.1440792699,2.27515400410678
37238.1081553307,2.27789185489391
37294.0554343447,2.28062970568104
37385.0421484511,2.28336755646817
37441.084213387,2.2861054072553
37455.1006908996,2.28884325804244
37497.1736359798,2.29158110882957
37553.3155841059,2.2943189596167
37567.3537042186,2.29705681040383
37651.615224453,2.29979466119096
37707.828819962,2.3025325119781
37750.0156972063,2.30527036276523
37820.3597561121,2.30800821355236
37855.5439907015,2.31074606433949
37890.7465937118,2.31348391512663
37925.9700783658,2.31622176591376
38024.641616988,2.31895961670089
38052.8531023621,2.32169746748802
38095.1841658969,2.32443531827515
38165.7739443518,2.32717316906229
38243.5103707258,2.32991101984942
38278.8678951891,2.33264887063655
38285.9418550043,2.33538672142368
38377.9671867553,2.33812457221081
38392.1386545702,2.34086242299795
38463.0521003567,2.34360027378508
38498.5485097558,2.34633812457221
38548.2646289695,2.34907597535934
38605.1082264445,2.35181382614648
38661.962331783,2.35455167693361
38740.1611558689,2.35728952772074
38789.9608539783,2.36002737850787
38811.3257666696,2.362765229295
38875.4758682646,2.36550308008214
38939.6907179415,2.36824093086927
38989.6701454845,2.3709787816564
39053.9716975846,2.37371663244353
39118.322249071,2.37645448323066
39175.5497336705,2.3791923340178
39218.4849791689,2.38193018480493
39261.4417190257,2.38466803559206
39304.4205772972,2.38740588637919
39325.9188424656,2.39014373716632
39354.5955074917,2.39288158795346
39404.7947632358,2.39561943874059
39433.4971343323,2.39835728952772
39462.2115717071,2.40109514031485
39498.1163579978,2.40383299110198
39562.8117125941,2.40657084188912
39634.7930907713,2.40930869267625
39678.0112906385,2.41204654346338
39771.70570982,2.41478439425051
39843.8488253265,2.41752224503765
39901.6034275269,2.42026009582478
39923.2736980029,2.42299794661191
39937.7238864578,2.42573579739904
39973.8567426824,2.42847364818617
40024.4554692425,2.43121149897331
40060.6174311479,2.43394934976044
40147.4971691531,2.43668720054757
40227.2513713632,2.4394250513347
40270.7934059076,2.44216290212183
40343.4512808611,2.44490075290897
40408.9273100495,2.4476386036961
40474.4465861684,2.45037645448323
40510.8698845585,2.45311430527036
40540.01946685,2.4558521560575
40598.3386341059,2.45859000684463
40693.1442294344,2.46132785763176
40744.2102187834,2.46406570841889
40758.8054330822,2.46680355920602
40788.004680023,2.46954140999316
40875.6716518621,2.47227926078029
40912.2231724454,2.47501711156742
40948.7867924762,2.47775496235455
40978.0472467128,2.48049281314168
41007.3159564237,2.48323066392882
41058.5580865429,2.48596851471595
41073.2049522584,2.48870636550308
41095.1853434014,2.49144421629021
41168.4955869709,2.49418206707734
41219.8350777601,2.49691991786448
41234.5091562807,2.49965776865161
41285.8983514845,2.50239561943874
41344.6745627579,2.50513347022587
41388.7751347993,2.507871321013
41425.5412163601,2.51060917180014
41477.0463280813,2.51334702258727
41580.1970657023,2.5160848733744
41631.8297623139,2.51882272416153
41690.8602093731,2.52156057494867
41727.7750849444,2.5242984257358
41772.0929258824,2.52703627652293
41801.6466586581,2.52977412731006
41845.9949466895,2.53251197809719
41905.1521499127,2.53524982888433
41949.5360042574,2.53798767967146
42001.3455258663,2.54072553045859
42045.7785732845,2.54346338124572
42105.0543528045,2.54620123203285
42194.0282357211,2.54893908281999
42231.1144576179,2.55167693360712
42260.7928107773,2.55441478439425
42320.1797311244,2.55715263518138
42387.0140370544,2.55989048596851
42446.4476807028,2.56262833675565
42513.3383378314,2.56536618754278
42557.9574049779,2.56810403832991
42617.5401069815,2.57084188911704
42684.6345435748,2.57357973990418
42729.4091341253,2.57631759069131
42781.6671162562,2.57905544147844
42819.0070976123,2.58179329226557
42878.7708658831,2.5845311430527
42946.0380796262,2.58726899383984
43095.6292789923,2.59000684462697
43110.5997346911,2.5927446954141
43170.5194025637,2.59548254620123
43230.4611093204,2.59822039698836
43320.3994312221,2.6009582477755
43387.8720307597,2.60369609856263
43425.3763242289,2.60643394934976
43470.407855051,2.60917180013689
43522.9624617393,2.61190965092402
43590.5553623172,2.61464750171116
43643.1484278489,2.61738535249829
43688.2419821426,2.62012320328542
43740.8755679104,2.62286105407255
43801.0632951062,2.62559890485969
43846.238503817,2.62833675564682
43883.897879165,2.63107460643395
43936.648376419,2.63381245722108
43996.9732659263,2.63655030800821
44042.2562526974,2.63928815879535
44125.3294420433,2.64202600958248
44216.0383670525,2.64476386036961
44238.7304428435,2.64750171115674
44314.4775127331,2.65023956194387
44337.2102676222,2.65297741273101
44428.1952613267,2.65571526351814
44473.710446927,2.65845311430527
44511.6560874411,2.6611909650924
44587.5971359173,2.66392881587953
44663.6037627093,2.66666666666667
44747.2787024791,2.6694045174538
44777.7271247585,2.67214236824093
44838.6485819662,2.67488021902806
44861.5022346507,2.6776180698152
44945.3237411493,2.68035592060233
45013.9498412548,2.68309377138946
45067.3649159163,2.68583162217659
45120.8001167743,2.68856947296372
45204.8258826571,2.69130732375086
45250.6814914941,2.69404517453799
45311.843538534,2.69678302532512
45395.9849702418,2.69952087611225
45464.8628913542,2.70225872689938
45495.4900350352,2.70499657768652
45549.1175986036,2.70773442847365
45595.1183616866,2.71047227926078
45648.8062266598,2.71321013004791
45763.8881862403,2.71594798083504
45802.2620413415,2.71868583162218
45871.3572145567,2.72142368240931
45925.1192271284,2.72416153319644
45971.2289541354,2.72689938398357
46017.3623638865,2.7296372347707
46055.8265657696,2.73237508555784
46132.7864215097,2.73511293634497
46209.7976248387,2.7378507871321
46256.039573736,2.74058863791923
46310.0143752759,2.74332648870637
46379.4548310877,2.7460643394935
46433.4925564916,2.74880219028063
46495.2954099179,2.75154004106776
46541.6694695824,2.75427789185489
46611.2814163008,2.75701574264203
46696.4296714135,2.75975359342916
46758.4028700948,2.76249144421629
46820.4150141376,2.76522929500342
46874.7195607187,2.76796714579055
46929.0642068246,2.77070499657769
46983.4473986131,2.77344284736482
47076.7060106395,2.77618069815195
47177.8502539843,2.77891854893908
47240.1329114245,2.78165639972621
47286.877774234,2.78439425051335
47380.4308616233,2.78713210130048
47427.2390580051,2.78986995208761
47458.4600903111,2.79260780287474
47528.7258994367,2.79534565366188
47638.083188765,2.79808350444901
47708.419890426,2.80082135523614
47770.9747649536,2.80355920602327
47810.0889044081,2.8062970568104
47896.1891236778,2.80903490759754
47958.8312325152,2.81177275838467
47997.9930684166,2.8145106091718
48068.5158375448,2.81724845995893
48139.0818031222,2.81998631074606
48178.3049908797,2.8227241615332
48256.815349797,2.82546201232033
48288.2551505956,2.82819986310746
48335.4292440237,2.83093771389459
48382.6187219946,2.83367556468172
48461.3165273684,2.83641341546886
48540.0585178508,2.83915126625599
48579.45473909,2.84188911704312
48650.3992020085,2.84462696783025
48737.1826316874,2.84736481861739
48808.2108581886,2.85010266940452
48871.376184299,2.85284052019165
48942.48641836,2.85557837097878
49005.7346056955,2.85831622176591
49029.4641655499,2.86105407255305
49069.0356424768,2.86379192334018
49100.7010598933,2.86652977412731
49164.0472677076,2.86926762491444
49203.6542579666,2.87200547570157
49259.1483672529,2.87474332648871
49314.6788025888,2.87748117727584
49354.368124695,2.88021902806297
49409.9710412425,2.8829568788501
49481.5164820226,2.88569472963723
49521.2775837475,2.88843258042437
49553.1004364227,2.8911704312115
49600.8699109055,2.89390828199863
49656.6237515028,2.89664613278576
49720.3671655371,2.8993839835729
49808.0836654923,2.90212183436003
49847.9686587653,2.90485968514716
49887.8668060468,2.90759753593429
49967.7006052008,2.91033538672142
50007.642623167,2.91307323750856
50119.5407959299,2.91581108829569
50175.5182098965,2.91854893908282
50247.5295358931,2.92128678986995
50327.5832847051,2.92402464065708
50399.6557695247,2.92676249144422
50439.7080302236,2.92950034223135
50503.8248907155,2.93223819301848
50584.012733618,2.93497604380561
50632.1428636042,2.93771389459274
50704.3620298739,2.94045174537988
50720.4171683525,2.94318959616701
50784.6493487526,2.94592744695414
50864.9835878593,2.94866529774127
50921.2644152217,2.9514031485284
50993.675398947,2.95414099931554
51033.9282288907,2.95687885010267
51122.5510032356,2.9596167008898
51187.062640687,2.96235455167693
51283.8755303873,2.96509240246407
51332.3048950141,2.9678302532512
51372.6775473201,2.97056810403833
51413.065482998,2.97330595482546
51453.4787973873,2.97604380561259
51469.651953443,2.97878165639973
51502.0091383875,2.98151950718686
51542.4736629344,2.98425735797399
51647.7641186401,2.98699520876112
51704.496758089,2.98973305954825
51761.2597616322,2.99247091033539
51793.7070808113,2.99520876112252
51818.0531292504,2.99794661190965
51891.1231365643,3.00068446269678
51980.4833165197,3.00342231348392
52037.379912363,3.00616016427105
52069.901181485,3.00889801505818
52102.4402441955,3.01163586584531
52175.6723665273,3.01437371663244
52208.2313280757,3.01711156741958
52240.8003858677,3.01984941820671
52281.5233069238,3.02258726899384
52314.109661086,3.02532511978097
52379.3095641405,3.0280629705681
52420.0803338217,3.03080082135524
52485.3406872164,3.03353867214237
52534.3076609637,3.0362765229295
52575.1370599776,3.03901437371663
52624.157678243,3.04175222450376
52681.3912373627,3.0444900752909
52754.999295734,3.04722792607803
52795.9206250132,3.04996577686516
52853.2562166627,3.05270362765229
52894.24608603,3.05544147843943
52959.8544998871,3.05817932922656
53025.4943330398,3.06091718001369
53066.5346276779,3.06365503080082
53124.0217410274,3.06639288158795
53197.9884623366,3.06913073237509
53263.790071072,3.07186858316222
53304.9398089997,3.07460643394935
53329.6365915683,3.07734428473648
53346.1057571496,3.08008213552361
53461.4495492433,3.08281998631075
53576.883021624,3.08555783709788
53659.3855132223,3.08829568788501
53708.9045070853,3.09103353867214
53741.9322845779,3.09377138945927
53774.9707237651,3.09650924024641
53841.0702805204,3.09924709103354
53890.6599582297,3.10198494182067
53956.8055143957,3.1047227926078
54022.9697191205,3.10746064339493
54089.1624054296,3.11019849418207
54122.2729979597,3.1129363449692
54163.684291622,3.11567419575633
54213.4036699594,3.11841204654346
54279.7192241925,3.1211498973306
54370.9397704691,3.12388774811773
54453.9484675916,3.12662559890486
54512.0820751796,3.12936344969199
54578.5563229141,3.13210130047912
54620.1215997542,3.13483915126626
54645.0688711182,3.13757700205339
54711.6369389,3.14031485284052
54786.5703461208,3.14305270362765
54878.2072076044,3.14579055441478
54919.8754538675,3.14852840520192
54969.8957548353,3.15126625598905
55044.9558870193,3.15400410677618
55078.3317128773,3.15674195756331
55103.3783888588,3.15947980835044
55220.308477662,3.16221765913758
55278.8043580472,3.16495550992471
55395.8513534055,3.16769336071184
55454.4043073177,3.17043121149897
55471.138485205,3.1731690622861
55546.4651936165,3.17590691307324
55605.0762522158,3.17864476386037
55688.8648496153,3.1813826146475
55789.5115375141,3.18412046543463
55848.2577593001,3.18685831622177
55923.8250177109,3.1895961670089
55965.8331183114,3.19233401779603
56033.0854196817,3.19507186858316
56117.190382548,3.19780971937029
56150.8483415089,3.20054757015743
56209.7711318905,3.20328542094456
56285.5700541612,3.20602327173169
56319.2670279706,3.20876112251882
56344.544293324,3.21149897330595
56386.6900437253,3.21423682409309
56462.588098282,3.21697467488022
56530.076965273,3.21971252566735
56546.9619260877,3.22245037645448
56606.0823926652,3.22518822724162
56665.2208170718,3.22792607802875
56699.0322914627,3.23066392881588
56775.1674015269,3.23340177960301
56809.0278621619,3.23613963039014
56893.7181279002,3.23887748117728
56978.4564390796,3.24161533196441
57029.3160190153,3.24435318275154
57088.6781785667,3.24709103353867
57148.0637363172,3.2498288843258
57207.4726054654,3.25256673511294
57275.3987610191,3.25530458590007
57343.3494519565,3.2580424366872
57402.8399906718,3.26078028747433
57436.8525551922,3.26351813826146
57487.9009229778,3.2662559890486
57564.5424005982,3.26899383983573
57598.6162500038,3.27173169062286
57649.7537084081,3.27446954140999
57709.4567492691,3.27720739219713
57794.7837035134,3.27994524298426
57837.4620794962,3.28268309377139
57888.6976889997,3.28542094455852
57914.3249817978,3.28815879534565
57974.1352039628,3.29089664613279
58025.4196709831,3.29363449691992
58076.7390499612,3.29637234770705
58110.9692811612,3.29911019849418
58153.7761754457,3.30184804928131
58205.1690520044,3.30458590006845
58222.3134801611,3.30732375085558
58273.7732579587,3.31006160164271
58308.0902503987,3.31279945242984
58350.9986897351,3.31553730321697
58376.7514092831,3.31827515400411
58454.0514046186,3.32101300479124
58497.0209576193,3.32375085557837
58522.8156466219,3.3264887063655
58548.6178637159,3.32922655715264
58634.6566510439,3.33196440793977
58703.5241562794,3.3347022587269
58789.6519542725,3.33744010951403
58893.1005746438,3.34017796030116
58901.7275242513,3.3429158110883
58988.0645717255,3.34565366187543
59083.0986551728,3.34839151266256
59169.5360443144,3.35112936344969
59204.1393267752,3.35386721423682
59256.0589301558,3.35660506502396
59299.3524602635,3.35934291581109
59316.6761708329,3.36208076659822
59342.6736104647,3.36481861738535
59420.6914052062,3.36755646817248
59490.0636202482,3.37029431895962
59550.8057895995,3.37303216974675
59620.2836789115,3.37577002053388
59689.8012682463,3.37850787132101
59724.5809041562,3.38124572210815
59750.6757200352,3.38398357289528
59785.4810649299,3.38672142368241
59855.1092283386,3.38945927446954
59907.3575009548,3.39219712525667
59942.2052390892,3.39493497604381
60011.936562883,3.39767282683094
60064.2598704151,3.40041067761807
60116.6034459276,3.4031485284052
60134.0567088829,3.40588637919233
60195.1602670178,3.40862422997947
60299.973147848,3.4113620807666
60352.4085573176,3.41409993155373
60404.8642123953,3.41683778234086
60439.8508618248,3.41957563312799
60457.3505180375,3.42231348391513
60501.1090671266,3.42505133470226
60553.6407870119,3.42778918548939
60641.3135104713,3.43052703627652
60702.7486574234,3.43326488706365
60737.8732769345,3.43600273785079
60781.8407438655,3.43874058863792
60817.0864862319,3.44147843942505
60852.3459664409,3.44421629021218
60914.0736214835,3.44695414099932
60949.3615489438,3.44969199178645
60984.6658083797,3.45242984257358
61019.984520818,3.45516769336071
61081.817798239,3.45790554414784
61117.1674101842,3.46064339493498
61161.3694191178,3.46338124572211
61187.8983564742,3.46611909650924
61258.6701168093,3.46885694729637
61302.9232849892,3.4715947980835
61356.0535885163,3.47433264887064
61400.3425099389,3.47707049965777
61453.5164333913,3.4798083504449
61506.714686983,3.48254620123203
61542.1930050585,3.48528405201917
61648.7134651124,3.4880219028063
61702.017624486,3.49075975359343
61773.1191987538,3.49349760438056
61790.8997196419,3.49623545516769
61817.5801045464,3.49897330595483
61826.4770448272,3.50171115674196
61906.5657241466,3.50444900752909
61986.6786348676,3.50718685831622
62013.39192028,3.50992470910335
62049.0302313833,3.51266255989049
62102.5160915824,3.51540041067762
62147.1256604298,3.51813826146475
62173.8975081608,3.52087611225188
62227.4560172651,3.52361396303901
62325.7454914219,3.52635181382615
62361.5207737587,3.52908966461328
62424.1634768225,3.53182751540041
62477.8815828798,3.53456536618754
62567.4595204279,3.53730321697467
62612.2688113128,3.54004106776181
62683.9937696154,3.54277891854894
62773.6911246522,3.54551676933607
62845.4732747809,3.5482546201232
62899.3426517299,3.55099247091034
62926.2907506944,3.55373032169747
63016.1593102532,3.5564681724846
63097.0819704668,3.55920602327173
63133.0576078842,3.56194387405886
63223.0472445769,3.564681724846
63304.0856664479,3.56741957563313
63349.1356064311,3.57015742642026
63403.2146720199,3.57289527720739
63439.2840250574,3.57563312799452
63475.3593565297,3.57837097878166
63520.468786676,3.58110882956879
63574.6221362524,3.58384668035592
63655.8867288142,3.58658453114305
63673.9532100847,3.58932238193018
63728.1710731334,3.59206023271732
63773.3801227716,3.59479808350445
63809.566480922,3.59753593429158
63891.0068873417,3.60027378507871
63936.2682596859,3.60301163586585
63981.5455195288,3.60574948665298
64044.9546210156,3.60848733744011
64099.3390804164,3.61122518822724
64171.8868692523,3.61396303901437
64244.4755922727,3.61670088980151
64344.3322072566,3.61943874058864
64435.1598644542,3.62217659137577
64489.6859541714,3.6249144421629
64516.9587012133,3.62765229295003
64571.5180221962,3.63039014373717
64616.9949939861,3.6331279945243
64635.1913739122,3.63586584531143
64744.4043443227,3.63860369609856
64844.5677874234,3.64134154688569
64944.8020815256,3.64407939767283
64981.2785929002,3.64681724845996
65045.1675385648,3.64955509924709
65118.227515266,3.65229295003422
65173.0400973465,3.65503080082136
65227.8772524222,3.65776865160849
65264.4605921022,3.66050650239562
65337.6510426354,3.66324435318275
65355.9540496265,3.66598220396988
65410.8821949044,3.66872005475702
65456.6888189144,3.67145790554415
65539.1836051817,3.67419575633128
65594.218386272,3.67693360711841
65695.1803061105,3.67967145790554
65814.5448027725,3.68240930869268
65851.2908158011,3.68514715947981
65888.0595177465,3.68788501026694
65924.8489494515,3.69062286105407
65980.0736513936,3.6933607118412
66044.538229173,3.69609856262834
66099.813385848,3.69883641341547
66155.1163007863,3.7015742642026
66173.5586980264,3.70431211498973
66192.0116151324,3.70704996577687
66265.8708419505,3.709787816564
66312.0529573677,3.71252566735113
66358.2601284098,3.71526351813826
66478.5266090904,3.71800136892539
66571.1575297421,3.72073921971253
66626.7743015689,3.72347707049966
66673.1402083974,3.72621492128679
66682.4167870434,3.72895277207392
66747.3729662119,3.73169062286105
66821.6498115482,3.73442847364819
66858.8118171852,3.73716632443532
66858.8118171852,3.73990417522245
66914.6023016489,3.74264202600958
66942.5101964932,3.74537987679671
66979.7375312682,3.74811772758385
67026.2937099896,3.75085557837098
67063.5550339457,3.75359342915811
67100.8254341391,3.75633127994524
67203.3559668063,3.75906913073237
67277.9510968548,3.76180698151951
67389.9218560564,3.76454483230664
67445.9349739727,3.76728268309377
67473.9477942859,3.7700205338809
67539.3309885813,3.77275838466804
67604.7770790567,3.77549623545517
67679.637158728,3.7782340862423
67726.4551896209,3.78097193702943
67773.3053207311,3.78370978781656
67838.9470480116,3.7864476386037
67932.7698537266,3.78918548939083
67998.4768814158,3.79192334017796
68017.2576031872,3.79466119096509
68045.4367669865,3.79739904175222
68101.8170088879,3.80013689253936
68148.8208984137,3.80287474332649
68233.4701059119,3.80561259411362
68289.9272938625,3.80835044490075
68337.0054228723,3.81108829568789
68365.2739153651,3.81382614647502
68440.6950170855,3.81656399726215
68478.4287937105,3.81930184804928
68516.1897754456,3.82203969883641
68582.2946412417,3.82477754962355
68638.96745684,3.82751540041068
68733.4877742649,3.83025325119781
68790.2282551811,3.83299110198494
68865.9122963314,3.83572895277207
68913.2379252375,3.83846680355921
69007.9296119447,3.84120465434634
69064.798640237,3.84394250513347
69102.7206223012,3.8466803559206
69159.6180272362,3.84941820670773
69216.5496883031,3.85215605749487
69273.5371801101,3.854893908282
69321.0588418067,3.85763175906913
69368.5979884481,3.86036960985626
69406.646562864,3.8631074606434
69549.4119667401,3.86584531143053
69587.5052159981,3.86858316221766
69654.2052015537,3.87132101300479
69749.5430225081,3.87405886379192
69863.9923759511,3.87679671457906
69902.155605717,3.87953456536619
69930.7849242318,3.88227241615332
69988.0582922218,3.88501026694045
70064.4692071654,3.88774811772758
70121.8057932846,3.89048596851472
70169.6022477336,3.89322381930185
70265.2302150365,3.89596167008898
70341.7569481067,3.89869952087611
70389.603120287,3.90143737166324
70418.3187338035,3.90417522245038
70504.5007357621,3.90691307323751
70571.5674707945,3.90965092402464
70686.6230317606,3.91238877481177
70753.7970190799,3.9151266255989
70801.8005440334,3.91786447638604
70878.6265558433,3.92060232717317
70965.078679963,3.9233401779603
71032.335611102,3.92607802874743
71138.052819326,3.92881587953457
71186.128978948,3.9315537303217
71272.7139724079,3.93429158110883
71349.7243059715,3.93702943189596
71388.2508892667,3.93976728268309
71455.6943177495,3.94250513347023
71523.1601910939,3.94524298425736
71542.4459768666,3.94798083504449
71600.3478233686,3.95071868583162
71648.617565288,3.95345653661875
71667.9329807634,3.95619438740589
71696.9167531763,3.95893223819302
71735.5817706708,3.96167008898015
71803.2859249484,3.96440793976728
71861.3410385207,3.96714579055441
71909.7517407786,3.96988364134155
71996.9450590354,3.97262149212868
72035.7232752501,3.97535934291581
72064.8233607139,3.97809719370294
72103.6524921885,3.98083504449008
72200.750517868,3.98357289527721
72307.6255929675,3.98631074606434
72395.1226673558,3.98904859685147
72453.4780923935,3.9917864476386
72492.3947688268,3.99452429842574
72609.1969507284,3.99726214921287
72657.8860921878,4
72726.0805489051,4.00273785078713
72833.3202121693,4.00547570157426
72911.3608775423,4.0082135523614
72960.1555567722,4.01095140314853
73038.2548986827,4.01368925393566
73096.8457512986,4.01642710472279
73155.4500323931,4.01916495550992
73233.6101712341,4.02190280629706
73311.8070022221,4.02464065708419
73399.823526162,4.02737850787132
73468.3079550122,4.03011635865845
73507.4605901091,4.03285420944558
73536.8394610826,4.03559206023272
73625.0106433374,4.03832991101985
73723.0116478246,4.04106776180698
73762.2301256478,4.04380561259411
73840.7018185727,4.04654346338125
73889.7709244745,4.04928131416838
73978.1482610641,4.05201916495551
74007.6171469679,4.05475701574264
74027.2681199041,4.05749486652977
74105.8913035619,4.06023271731691
74174.7234270846,4.06297056810404
74223.915148002,4.06570841889117
74263.2867552397,4.0684462696783
74351.8993597708,4.07118412046543
74391.2998202381,4.07392197125257
74450.4190328842,4.0766598220397
74499.7009563569,4.07939767282683
74578.5905424342,4.08213552361396
74618.0563740697,4.0848733744011
74677.2855287286,4.08761122518823
74736.5583457941,4.09034907597536
74785.9867918234,4.09308692676249
74845.3277389297,4.09582477754962
74865.1143222983,4.09856262833676
74914.5953821355,4.10130047912389
74993.850046469,4.10403832991102
75073.2062158153,4.10677618069815
75102.9848920676,4.10951403148528
75132.7724012221,4.11225188227242
75162.5678055809,4.11498973305955
75192.3707042686,4.11772758384668
75291.7600692215,4.12046543463381
75381.2578920533,4.12320328542094
75450.9100243133,4.12594113620808
75550.4520870416,4.12867898699521
75620.162570801,4.13141683778234
75689.9148076947,4.13415468856947
75749.7363223795,4.1368925393566
75859.4633814122,4.13963039014374
75939.3189780163,4.14236824093087
75989.2564930669,4.145106091718
76019.2315285926,4.14784394250513
76089.1958821323,4.15058179329227
76129.1841052215,4.1533196440794
76159.1811176227,4.15605749486653
76219.2013858166,4.15879534565366
76319.2885506675,4.16153319644079
76349.3281927648,4.16427104722793
76439.4772807625,4.16700889801506
76499.6067690856,4.16974674880219
76569.866655258,4.17248459958932
76640.1529521035,4.17522245037645
76710.46914906,4.17796030116359
76780.8124388171,4.18069815195072
76810.9770366707,4.18343600273785
76891.4536036413,4.18617385352498
76931.7174413902,4.18891170431212
76992.1278873832,4.19164955509925
77052.5567807138,4.19438740588638
77143.2773944239,4.19712525667351
77264.3784595119,4.19986310746064
77284.5720037394,4.20260095824778
77365.392631665,4.20533880903491
77466.5117689353,4.20807665982204
77496.8608070635,4.21081451060917
77577.8478716578,4.2135523613963
77658.8813330195,4.21629021218344
77739.954481584,4.21902806297057
77800.7727144493,4.2217659137577
77841.3289419472,4.22450376454483
77871.7581139623,4.22724161533196
77902.196130231,4.2299794661191
77973.2315582333,4.23271731690623
78105.2188821405,4.23545516769336
78135.6917039149,4.23819301848049
78196.6588820299,4.24093086926762
78227.1499708037,4.24366872005476
78278.0074474787,4.24640657084189
78318.7010499523,4.24914442162902
78410.2983890759,4.25188227241615
78532.5164095065,4.25462012320329
78634.4450697849,4.25735797399042
78685.434445956,4.26009582477755
78726.2460823434,4.26283367556468
78787.4978461856,4.26557152635181
78848.7695799285,4.26830937713895
78889.6360896717,4.27104722792608
79002.0629895261,4.27378507871321
79042.9692362144,4.27652292950034
79114.5902460225,4.27926078028747
79155.5282487295,4.28199863107461
79186.254797485,4.28473648186174
79227.2382480311,4.28747433264887
79247.736843295,4.290212183436
79340.0131436382,4.29295003422313
79370.7876032003,4.29568788501027
79422.1069900112,4.2984257357974
79483.7149947095,4.30116358658453
79576.1801365933,4.30390143737166
79668.7087413635,4.3066392881588
79740.718197657,4.30937713894593
79802.4712468314,4.31211498973306
79864.243046967,4.31485284052019
79926.0333207231,4.31759069130732
79987.8467292262,4.32032854209446
80070.3163230501,4.32306639288159
80121.8953687507,4.32580424366872
80214.7832295837,4.32854209445585
80256.0826191023,4.33127994524298
80307.7260166928,4.33401779603012
80359.3888054235,4.33675564681725
80452.4114930216,4.33949349760438
80504.1150734003,4.34223134839151
80535.1456072877,4.34496919917864
80638.6108710093,4.34770704996578
80680.0172947445,4.35044490075291
80773.2718452953,4.35318275154004
80856.2353651162,4.35592060232717
80949.6088932514,4.35865845311431
80991.1334065584,4.36139630390144
81053.4482563984,4.36413415468857
81178.1450430895,4.3668720054757
81219.7411405394,4.36960985626283
81250.9503189915,4.37234770704997
81355.0253068584,4.3750855578371
81448.7346846567,4.37782340862423
81511.2378563379,4.38056125941136
81594.6172572972,4.38329911019849
81678.0282484098,4.38603696098563
81730.2050634714,4.38877481177276
81813.7369481693,4.39151266255989
81855.531949757,4.39425051334702
81928.7276314248,4.39698836413415
81991.4926027948,4.39972621492129
82033.35275567,4.40246406570842
82085.696901397,4.40520191649555
82190.4399907677,4.40793976728268
82221.8740935416,4.41067761806982
82295.2429782629,4.41341546885695
82379.1360710962,4.41615331964408
82421.1082082923,4.41889117043121
82526.0953804576,4.42162902121834
82557.6067564427,4.42436687200548
82620.6487836575,4.42710472279261
82694.2235740445,4.42984257357974
82788.8642757069,4.43258042436687
82841.4849367543,4.435318275154
82894.1397508378,4.43805612594114
82957.3393361836,4.44079397672827
83062.6934345781,4.4435318275154
83147.0090851212,4.44626967830253
83241.9090444109,4.44900752908966
83347.4517422667,4.4517453798768
83400.2520313172,4.45448323066393
83474.2008994048,4.45722108145106
83505.9012729726,4.45995893223819
83558.7452170736,4.46269678302532
83590.4728787175,4.46543463381246
83632.7971881683,4.46817248459959
83675.1443827486,4.47091033538672
83728.0952645424,4.47364818617385
83802.2545822229,4.47638603696099
83855.2417801799,4.47912388774812
83908.2581145435,4.48186173853525
83971.9358851758,4.48459958932238
84056.9008237958,4.48733744010951
84120.6570768269,4.49007529089665
84216.3333470095,4.49281314168378
84258.874686827,4.49555099247091
84301.4245119232,4.49828884325804
84354.6300384536,4.50102669404517
84471.7396150078,4.50376454483231
84535.661676399,4.50650239561944
84620.9280877362,4.50924024640657
84674.240655472,4.5119780971937
84738.2467707067,4.51471594798083
84780.9282161854,4.51745379876797
84844.9826476412,4.5201916495551
84877.0226392737,4.52292950034223
84973.2103172208,4.52566735112936
85015.9833375338,4.5284052019165
85112.2705046983,4.53114305270363
85144.3865974068,4.53388090349076
85187.2236780623,4.53661875427789
85240.7830151536,4.53935660506502
85305.0791701091,4.54209445585216
85369.4030453659,4.54483230663929
85412.3108261592,4.54757015742642
85455.2386651259,4.55030800821355
85541.1180286975,4.55304585900068
85594.811056377,4.55578370978782
85670.0067751972,4.55852156057495
85734.4862413873,4.56125941136208
85798.9899105759,4.56399726214921
85885.0308807058,4.56673511293635
85992.6217523233,4.56947296372348
86057.201654542,4.57221081451061
86164.8802030253,4.57494866529774
86272.603007461,4.57768651608487
86315.7204347869,4.58042436687201
86412.7944302148,4.58316221765914
86466.7492969296,4.58590006844627
86531.5132761929,4.5886379192334
86574.7071576284,4.59137577002053
86628.7188188756,4.59411362080767
86704.3748178846,4.5968514715948
86780.0733057581,4.59958932238193
86834.182994186,4.60232717316906
86899.1524535303,4.60506502395619
86931.6507668718,4.60780287474333
86996.6769914937,4.61054072553046
87029.2010020559,4.61327857631759
87115.9578583704,4.61601642710472
87181.0672387263,4.61875427789186
87224.490475601,4.62149212867899
87289.6697686665,4.62422997946612
87333.1447599571,4.62696783025325
87398.3936750537,4.62970568104038
87441.9059708424,4.63244353182752
87496.3171017027,4.63518138261465
87550.7484320373,4.63791923340178
87627.0172929017,4.64065708418891
87681.5429770345,4.64339493497604
87703.3612573478,4.64613278576318
87757.9374139861,4.64887063655031
87812.5330846944,4.65160848733744
87867.1453839747,4.65434633812457
87987.3453875266,4.6570841889117
88020.144663874,4.65982203969884
88074.8311838103,4.66255989048597
88118.6085579848,4.6652977412731
88162.4135540301,4.66803559206023
88173.366887709,4.67077344284736
88206.2349542405,4.6735112936345
88293.9121172161,4.67624914442163
88381.6225580464,4.67898699520876
88436.4702503581,4.68172484599589
88502.3212148481,4.68446269678302
88535.2578415235,4.68720054757016
88535.2578415235,4.68993839835729
88601.1565144878,4.69267624914442
88743.9968257687,4.69541409993155
88776.9779916288,4.69815195071869
88864.97306677,4.70088980150582
88942.0186436365,4.70362765229295
89008.105344861,4.70636550308008
89063.1967119415,4.70910335386721
89140.3472183746,4.71184120465435
89272.6735163926,4.71457905544148
89327.8542288336,4.71731690622861
89383.0644232706,4.72005475701574
89460.3833869773,4.72279260780287
89515.6355760849,4.72553045859001
89548.7961809743,4.72826830937714
89626.1950151157,4.73100616016427
89758.937149157,4.7337440109514
89880.6857631583,4.73648186173854
89924.9864792889,4.73921971252567
89969.3051939471,4.7419575633128
90035.8265658934,4.74469541409993
90091.287348331,4.74743326488706
90168.961207129,4.7501711156742
90191.1628159734,4.75290896646133
90302.2287937477,4.75564681724846
90357.7978566011,4.75838466803559
90469.1077082174,4.76112251882272
90535.9236249735,4.76386036960986
90580.4886507326,4.76659822039699
90714.2881385311,4.76933607118412
90736.5991361057,4.77207392197125
90803.5556745345,4.77481177275838
90892.8752280706,4.77754962354552
90959.8905895273,4.78028747433265
90982.2413295697,4.78302532511978
91049.3069042428,4.78576317590691
91127.5770125915,4.78850102669405
91194.6949183404,4.79123887748118
91239.4656178382,4.79397672826831
91295.4482986063,4.79671457905544
91340.2546541205,4.79945242984257
91373.8695952241,4.80219028062971
91429.9150804846,4.80492813141684
91497.201109019,4.80766598220397
91609.4298012728,4.8104038329911
91688.0271345958,4.81314168377823
91732.9608424465,4.81587953456537
91744.198297957,4.8186173853525
91789.1668045693,4.82135523613963
91834.1465098545,4.82409308692676
91935.3798359491,4.82683093771389
92002.9008561193,4.82956878850103
92104.2489448925,4.83230663928816
92149.3340334048,4.83504449007529
92171.8859973212,4.83778234086242
92228.287114593,4.84052019164956
92250.8547577135,4.84325804243669
92318.5829498738,4.84599589322382
92386.3451491805,4.84873374401095
92442.8438469485,4.85147159479808
92510.6699458871,4.85420944558522
92567.2078208393,4.85694729637235
92646.3973830257,4.85968514715948
92691.6640589918,4.86242299794661
92782.2321790337,4.86516084873374
92861.5119670215,4.86789869952088
92940.8302657276,4.87063655030801
92974.8378497907,4.87337440109514
93031.5415542938,4.87611225188227
93099.6397319156,4.8788501026694
93190.5153634761,4.88158795345654
93258.7063707787,4.88432580424367
93315.5534819973,4.8870636550308
93361.0532051766,4.88980150581793
93395.1951037956,4.89253935660506
93497.688823747,4.8952772073922
93566.0399874795,4.89801505817933
93611.6191030145,4.90075290896646
93680.0142312656,4.90349075975359
93828.2820539662,4.90622861054073
93885.3406608516,4.90896646132786
93999.5290232676,4.91170431211499
94056.6611061962,4.91444216290212
94148.1107099455,4.91718001368925
94193.8526002506,4.91991786447639
94251.0487710633,4.92265571526352
94331.1554996038,4.92539356605065
94388.4111402327,4.92813141683778
94457.1532793767,4.93086926762491
94503.0043010322,4.93360711841205
94525.9365623644,4.93634496919918
94537.4049760682,4.93908281998631
94594.7640786654,4.94182067077344
94663.626226247,4.94455852156057
94698.0788785131,4.94729637234771
94721.0531109679,4.95003422313484
94801.5003284118,4.95277207392197
94893.4902418258,4.9555099247091
94985.5081395469,4.95824777549624
95008.5180085617,4.96098562628337
95054.5535651787,4.9637234770705
95146.6593220123,4.96646132785763
95215.7614530741,4.96919917864476
95250.3230360732,4.9719370294319
95354.0393488784,4.97467488021903
95411.6782092977,4.97741273100616
95457.7977272054,4.98015058179329
95550.0711074841,4.98288843258042
95596.227802681,4.98562628336756
95665.5015489787,4.98836413415469
95723.2533380178,4.99110198494182
95804.1433585323,4.99383983572895
95838.8241728441,4.99657768651609
95885.0752115205,4.99931553730322
95885.0752115205,5
